ind,alpha1,beta2,indshare2,indshare_sd2,G2,G1,agg_beta,agg_indshare,agg_indshare_sd,agg_g,ind_name,_merge
351,.2927775979042053,.7729596495628357,.0041138869710267,.0076452759094536,-.009866994805634,-.03370133,2.6400914,.014051235,.026112912,-.03370133,Motor Vehicles,matched (3)
42,.1380548179149628,.5074920654296875,.0003479716251604,.0012647577095777,.0104115335270762,.075415939,3.6760185,.0025205323,.0091612721,.075415939,Oil+Gas Extraction,matched (3)
342,.0653909742832184,.0090480698272586,.0007804457563907,.0007901559583843,-.0020303225610405,-.031048972,.13836879,.011935068,.012083563,-.031048972,Electrical machinery,matched (3)
212,.0543538630008698,.142068475484848,.0003135312872473,.0002670808753464,-.0027682259678841,-.050929699,2.6137695,.005768335,.0049137422,-.050929699,Miscellaneous plastics products,matched (3)
242,.0537975765764713,.0149860763922334,.00030779428198,.0005169464857318,-.0021533889230341,-.040027618,.27856416,.0057213409,.0096091032,-.040027618,Furniture and fixtures,matched (3)
392,.0424749106168747,.0941268876194954,.0002443000266794,.0001063487798092,-.0021745450794697,-.05119599,2.2160585,.0057516312,.0025038023,-.05119599,"Manufacturing industries, n.s. ",matched (3)
320,.0332828499376774,.0936225801706314,.0000724807541701,.0000941219841479,-.0011957527603954,-.035926994,2.8129375,.0021777209,.0028279424,-.035926994,Metalworking machinery,matched (3)
142,.0329839214682579,-.0044146487489343,.0000680388475303,.0001937474880833,-.0016526189865544,-.050103776,-.13384245,.0020627882,.0058739982,-.050103776,"Yarn, thread, and fabric mills",matched (3)
932,.0323003157973289,.1440158933401108,.000159011236974,.0002440530370222,.0021952548995614,.067963883,4.458653,.0049229003,.0075557479,.067963883,National security and international affairs ,matched (3)
291,.0281983260065317,.0812940001487732,.0000333644929924,.0000460967821709,-.0016440998297185,-.058304872,2.8829372,.0011832083,.0016347347,-.058304872,Metal forgings and stampings,matched (3)
331,.0270119346678257,.0659890621900558,.0002533938386478,.0001761416060617,-.0004642841522582,-.017188111,2.4429595,.0093808109,.0065208809,-.017188111,"Machinery, except electrical, n.e.c.",matched (3)
840,.0230956897139549,.1098479479551315,.000366201158613,.0000791458514868,.0020941593684256,.090673171,4.7562099,.015855823,.0034268668,.090673171,"Health services, n.e.c.",matched (3)
300,.0212388671934605,.0532206073403358,.0000877193160704,.0000800210618763,-.0006067535141483,-.028568074,2.5058119,.0041301316,.0037676708,-.028568074,Miscellaneous fabricated metal products,matched (3)
152,.0182889644056559,.0001444552181056,.0000283854715235,.0000595758137933,-.0011194633552805,-.061209776,.0078984909,.0015520547,.0032574732,-.061209772,Miscellaneous fabricated textile products,matched (3)
332,.017951812595129,.0383851304650307,.0000294928504445,.0000642410668661,-.0008612215169705,-.047974069,2.1382315,.0016428898,.0035785281,-.047974069,"Machinery, n.s.",matched (3)
132,.0174415074288845,-.007628511171788,.0000113160449473,.0000440720687038,-.0013622371479869,-.078103177,-.43737683,.0006487997,.0025268497,-.078103177,Knitting mills,matched (3)
200,.0171806272119284,.0506274923682213,.0000208407309401,.0000509561905346,.0007381916511804,.042966515,2.9467778,.0012130367,.0029659099,.042966515,Petroleum refining,matched (3)
140,.0167195592075586,-.0159370452165604,.0000110808005047,.0000257808223978,-.0013949897838756,-.083434604,-.95319772,.0006627448,.0015419559,-.083434604,"Dyeing and finishing textiles, except wool and knit goods",matched (3)
271,.0163498278707266,.0401240549981594,.0000276352002402,.0000424344179919,-.0008265743381344,-.050555538,2.4540966,.0016902441,.0025954046,-.050555538,Iron and steel foundries,matched (3)
641,.0145716927945614,-.0688638240098953,.0005331895081326,.000082199825556,.0004374882555567,.030023159,-4.725863,.036590774,.0056410623,.030023159,Eating and drinking places,matched (3)
231,.0129280630499125,-.0509573891758919,.000052720970416,.0000864583271323,-.0003464231849648,-.026796216,-3.9416106,.0040780255,.0066876472,-.026796218,"Sawmills, planing mills, and millwork",matched (3)
151,.0114237600937486,-.068455770611763,.000042083353037,.0000516878790222,-.0005105427699164,-.044691309,-5.9924026,.0036838443,.0045245942,-.044691306,"Apparel and accessories, except knit",matched (3)
322,.0112184267491102,-.0690176486968994,.0000389173947042,.0000711610628059,-.0005402155802585,-.048154309,-6.1521683,.0034690599,.0063432301,-.048154309,Computers and related equipment,matched (3)
712,.0106020625680685,-.0225899126380682,.0001523237733636,.0000547548879695,.0001416149898432,.013357306,-2.1307092,.014367372,.0051645506,.013357306,Real Estate Offices,matched (3)
281,.0084096854552627,.0055965869687498,5.45471948499e-06,9.44943440118e-06,-.0004310073272791,-.051251303,.66549301,.00064862351,.0011236371,-.051251303,"Cutlery, handtools, and general hardware",matched (3)
340,.0083868885412812,.0139428814873099,8.86472207640e-06,.0000257154406427,-.0003662421077024,-.043668412,1.6624618,.0010569738,.0030661479,-.043668412,Household appliances,matched (3)
211,.0082190986722708,.0118597522377968,7.95652067609e-06,.0000115818011182,-.000281246175291,-.034218617,1.4429505,.00096805271,.0014091327,-.034218617,"Other rubber products, and plastics footwear and belting",matched (3)
842,.0073410393670201,.0564745552837849,.0004378985613585,.0000820199784357,.0000663597238599,.0090395547,7.6929917,.059650756,.011172802,.0090395547,Elementary and secondary schools,matched (3)
892,.0070347865112126,-.0024948788341135,.0000534444443474,.0000377831784135,.0002018957020482,.02869962,-.35464883,.0075971666,.0053709061,.02869962,Management and public relations services,matched (3)
700,.0070213372819126,.0067613185383379,.0001077040869859,.0000405722494179,.0000695004491718,.0098984633,.96296734,.01533954,.0057784221,.0098984633,Banking,matched (3)
722,.0069919293746352,-.026383625343442,.0000401780816901,.0000120083914226,.0002278449537698,.03258685,-3.7734399,.0057463511,.0017174646,.03258685,Services to dwellings and other buildings,matched (3)
810,.0069336118176579,-.0057797050103545,.0000640170037514,.0000631197617622,.000063537270762,.0091636609,-.83357781,.0092328507,.0091034463,.0091636609,Recreation services,matched (3)
41,.0069186510518193,.0175798628479242,5.63764660910e-06,.0000360717676813,.0001807701628422,.026127949,2.5409379,.00081484765,.0052136993,.026127949,Coal mining,matched (3)
141,.0065946509130299,.0065181953832507,3.91686398871e-06,.0000357850331056,-.0001869420957519,-.028347535,.98840642,.00059394562,.0054263724,-.028347535,Carpets and rugs,matched (3)
882,.0064839557744563,-.0097535960376263,.0000644643150736,.000029750604881,.0000903799882508,.013939019,-1.5042663,.0099421274,.0045883418,.01393902,"Engineering, architectural, and surveying services",matched (3)
740,.0061854608356953,-.037735503166914,.0000242514324782,.0000104537957668,.0002813432656694,.04548461,-6.100678,.0039207158,.0016900593,.04548461,Detective and protective services,matched (3)
762,.0060138064436615,.0019478729227558,.0000530759971298,.0000446394915343,.0000322827145283,.0053681,.32390016,.0088256914,.0074228346,.0053681,Hotels and motels,matched (3)
232,.0059977732598782,-.0188408270478249,4.29739066021e-06,.000011528446521,-.0003509797970764,-.05851835,-3.1413035,.00071649771,.0019221212,-.05851835,Wood buildings and mobile homes,matched (3)
402,.0058068591170013,.0130629288032651,8.28285556054e-06,.000011408968021,.0001396658044541,.024051867,2.2495687,.0014263917,.00196474,.024051867,Taxicab service,matched (3)
162,.0052381111308932,.0199382603168488,7.47400463297e-06,6.14867803961e-06,-.0001690525241429,-.032273564,3.8063836,.0014268511,.001173835,-.032273564,Paperboard containers and boxes,matched (3)
270,.0048732459545135,.0354285426437855,.0000159821393027,.0000357519820682,-.0000724307610653,-.01486294,7.270009,.0032795675,.0073363795,-.01486294,Blast furnaces,matched (3)
831,.0046143559738994,.0008913252968341,.000194277454284,.0000457336900581,.0000977138552116,.021176055,.19316353,.042102832,.0099111749,.021176055,Hospitals,matched (3)
341,.0045528123155236,.0245832316577435,.0000103125603346,.0000113855130621,-.0001690025092103,-.037120465,5.3995705,.0022650966,.0025007648,-.037120465,"Radio, TV, and communication equipment",matched (3)
623,.0045497142709792,.0011138753034174,.0000177044403245,7.99882764113e-06,.0001209888287121,.026592622,.24482313,.0038913302,.0017580945,.026592622,"Apparel and accessory stores, except shoe",matched (3)
310,.0045443098060787,.0151282167062163,4.11062137573e-06,9.48035722104e-06,-.0001276978873648,-.028100614,3.329046,.00090456451,.002086204,-.028100612,Engines and turbines,matched (3)
230,.0044843782670796,-.0200790800154209,4.59838111055e-06,.0000112746092782,-.0001202524144901,-.02681585,-4.4775615,.0010254222,.0025141968,-.02681585,Logging,matched (3)
312,.004350645467639,.0050206896848977,5.29560747964e-06,.0000179541621037,.0000716530921636,.016469531,1.1540103,.0012172004,.0041267811,.016469531,Construction and material handling machines,matched (3)
210,.0043351370841265,.0033573566470295,4.03082640332e-06,.0000114680560728,-.0001525310799479,-.035184834,.77445227,.0009298037,.0026453733,-.035184834,Tires and inner tubes,matched (3)
922,.0042376131750643,.0115333329886198,.0000237476306211,.0000143374945765,.0000781987837399,.018453497,2.7216578,.005604011,.0033833892,.018453497,Administration of human resources programs,matched (3)
432,.0040918593294919,-.0123139787465334,.0000296709822578,.0000146123820741,.0000413410853071,.010103252,-3.0093846,.0072512226,.0035710861,.010103252,Services incidental to transportation,matched (3)
250,.0036172808613628,.0110617568716407,5.60129819860e-06,8.33788635646e-06,-.0000842063891469,-.02327892,3.0580308,.001548483,.002305015,-.02327892,Glass and glass products,matched (3)
791,.0035629828926176,-.0143743604421616,.0000165309375006,6.37822449789e-06,.0001454173907405,.040813383,-4.0343614,.0046396344,.0017901361,.040813383,Miscellaneous personal services ,matched (3)
910,.0035112099722028,.0042787096463144,.0000767754245317,.0000255414288404,.0000260207270912,.0074107577,1.2185855,.021865802,.0072742528,.0074107577,"Justice, public order, and safety",matched (3)
371,.0033974826801568,.0006237880443223,7.40967152524e-06,6.73130352880e-06,-.0000666593186907,-.019620208,.183603,.00218093,.0019812621,-.019620208,Scientific and controlling instruments,matched (3)
412,.0033087774645537,.0011681079631671,.0000254883398156,6.09756807535e-06,-.0000856279948493,-.025879042,.3530331,.0077032498,.0018428463,-.025879044,U.S. Postal Service,matched (3)
850,.0032168827019632,.0057283923961222,.0000691482855473,.0000382360631193,.0000600849307375,.018677998,1.7807277,.021495434,.011886061,.018677998,Colleges and universities,matched (3)
390,.002997875912115,-.000968866981566,3.23898416354e-06,3.53933251063e-06,-.000057780653151,-.019273864,-.32318449,.0010804264,.0011806134,-.019273864,"Toys, amusement, and sporting goods",matched (3)
401,.0026103700511158,.0068649905733764,9.09892150958e-06,7.61698493079e-06,.0000274837402685,.010528676,2.6298916,.0034856827,.0029179712,.010528676,Bus service and urban transit,matched (3)
861,.0022604700643569,-.0165666341781616,4.08864480050e-06,2.50785501521e-06,-.0000775086737121,-.034288742,-7.3288445,.0018087587,.0011094396,-.034288742,Job training and vocational rehabilitation services,matched (3)
360,.0022408438380808,-.0151711581274867,3.45189027939e-06,.0000105784974949,-.0000306973670376,-.013699021,-6.770288,.0015404421,.0047207652,-.013699021,Ship and boat building and repairing,matched (3)
761,.002201218623668,.0126449298113585,6.47939759801e-06,3.86608417102e-06,.0000760088732932,.03453036,5.7445135,.0029435502,.0017563382,.03453036,Private households,matched (3)
930,.002155781025067,.0109774442389607,4.21843787990e-06,3.65348569176e-06,.0000206898093893,.0095973611,5.0920963,.0019568026,.0016947387,.0095973611,Housing programs admin,matched (3)
282,.0021549228113145,-.0063526891171932,8.15071871330e-06,5.51568427909e-06,-.0000457558126072,-.021233156,-2.9479892,.0037823715,.0025595739,-.021233156,Fabricated structural metal products,matched (3)
12,.002042583655566,.0045750662684441,2.91145875053e-06,1.17788681564e-06,.0000866631307872,.042428192,2.2398429,.0014253805,.00057666516,.042428192,Veterinary services,matched (3)
160,.0020040685776621,-.0215638689696789,5.07765753355e-06,.00001090618116,-.0000653774986858,-.032622386,-10.760045,.0025336745,.00544202,-.032622386,"Pulp, paper, and paperboard mills",matched (3)
600,.0019798050634563,.0091263381764293,1.60608237820e-06,1.19455637559e-06,.000609137583524,.30767554,4.6097155,.0008112326,.00060337072,.30767554,Miscellaneous general merchandise stores,matched (3)
280,.0018851795466617,.0051524960435927,1.20816775961e-06,2.20246852223e-06,-.0000275271977443,-.014601897,2.7331593,.00064087677,.001168307,-.014601897,Other primary metal industries,matched (3)
760,.0018671822035685,.0089982310310006,5.54575353817e-06,2.19575053961e-06,.000024364249839,.013048673,4.81915,.002970119,.0011759702,.013048673,Miscellaneous repair services ,matched (3)
190,.00166454189457,.0056696180254221,1.08932215426e-06,1.10628036509e-06,-.0000228245644394,-.01371222,3.4061131,.00065442763,.00066461554,-.01371222,Paints,matched (3)
261,.0016033115098253,.0039737052284181,6.20405785412e-07,1.18685215966e-06,-.0000657756390865,-.041024867,2.4784362,.00038695274,.00074025051,-.041024864,Pottery and related products,matched (3)
893,.0015821708366275,-.0003676766064018,5.85025691180e-06,3.89002707379e-06,.0000205865835596,.013011606,-.23238742,.003697614,.0024586644,.013011606,Miscellaneous professional and related services ,matched (3)
101,.0014643204631284,.0175992287695408,1.41549594446e-06,2.37188100982e-06,.0000391823487007,.026758041,12.018701,.00096665724,.0016197828,.026758043,Dairy products,matched (3)
272,.0012751371832564,.0037170215509832,1.19285982692e-06,2.69549877885e-06,-.0000495076492371,-.038825352,2.9149973,.00093547569,.0021138892,-.038825352,Primary aluminum industries,matched (3)
301,.0012202097568661,.0034634950570762,3.05327432670e-07,2.87635742779e-07,-.0000346308406733,-.028381055,2.8384423,.00025022536,.00023572647,-.028381055,"Metal industries, n.s.",matched (3)
500,.0011950087500736,.0104281408712268,2.46781951319e-06,1.06016477730e-06,-.0000172051968548,-.014397549,8.7264137,.0020651058,.00088716066,-.014397549,Motor vehicles and equipment,matched (3)
471,.0011889850720763,.0041352156549692,4.16303646489e-06,1.12302257094e-06,.0000387165673601,.032562703,3.4779375,.0035013361,.00094452203,.032562703,Sanitary services,matched (3)
541,.0011743555078283,-.0041705626063049,2.02112596526e-06,9.72697762336e-07,.0000106923525891,.0091048684,-3.551363,.0017210512,.00082828221,.0091048684,"Drugs, chemicals, and allied products",matched (3)
841,.0011354254093021,.0011880869278684,.0000137751530929,6.24685526418e-06,2.19216121877e-06,.001930696,1.0463804,.012132151,.0055017751,.001930696,Legal services,matched (3)
872,.0010971974115819,.022973820567131,1.26729128169e-06,8.25903896384e-07,.0001293647364946,.11790471,20.938639,.0011550258,.00075273955,.11790471,"Museums, art galleries, and zoos",matched (3)
890,.0010537797352299,-.0027683922089636,6.91811692377e-06,1.96887253878e-06,.0000100033221315,.0094928015,-2.6271071,.0065650502,.0018683909,.0094928015,"Accounting, auditing, and bookkeeping services",matched (3)
122,.0010416499571875,.0027763030957431,7.19341699096e-07,7.40312430025e-07,-.000042900119297,-.041184776,2.6652937,.00069057912,.00071071135,-.041184776,"Food industries, n.s.",matched (3)
591,.0010393469128758,-.0055685197003186,.000015041287952,4.81873394165e-06,5.29909357283e-06,.005098484,-5.3577104,.014471864,.0046363096,.005098484,Department stores,matched (3)
440,.0009757486986928,.0006216056644917,4.71263138024e-06,1.77022275238e-06,3.22653181684e-06,.0033067241,.6370551,.0048297592,.00181422,.0033067241,Radio and television broadcasting and cable,matched (3)
551,.0009382191346958,.0340852104127407,3.34065703100e-07,6.48849777463e-07,.0000452943568234,.04827695,36.329689,.00035606363,.00069157593,.04827695,Farm-product raw materials,matched (3)
11,.0009037313284352,.021391648799181,4.14910027757e-06,7.66728408053e-06,2.05196852221e-06,.0022705514,23.670362,.0045910771,.0084840301,.0022705514,Livestock Production,matched (3)
682,.0007291264482774,-.0113610215485096,3.84526583730e-06,8.24539370115e-07,.0000161270327226,.022118293,-15.581689,.0052737985,.0011308593,.022118293,Miscellaneous retail stores,matched (3)
672,.0007243310683407,.0191869419068098,4.00167010639e-07,3.68984842680e-07,.0000442839664174,.061137743,26.489187,.00055246422,.00050941465,.061137743,Fuel dealers,matched (3)
710,.0006915971171111,.0011511594057083,6.93909214533e-06,6.30416616332e-06,4.98329541188e-07,.00072054891,1.6644943,.010033431,.0091153737,.00072054891,Investment Companies,matched (3)
221,.0006738162483089,-.0005670165410265,2.20918678906e-07,6.48011507565e-07,-.0000247013485932,-.036658879,-.84150022,.0003278619,.0009617036,-.036658879,"Footwear, except rubber and plastic",matched (3)
802,.0006494547706097,.0008730418630876,2.23535494115e-07,1.68093464481e-07,-.0000163503773365,-.025175545,1.3442689,.00034418947,.00025882243,-.025175544,Bowling centers,matched (3)
741,.0006292978068814,-.0001306592457695,6.84757878844e-06,2.79540131487e-06,1.17221509299e-06,.001862735,-.20762704,.010881301,.0044420962,.001862735,"Business services, n.e.c.",matched (3)
561,.0006271080928855,-.0388762652873993,4.46586454927e-07,6.83683367697e-07,-.0000281513293885,-.044890713,-61.992924,.00071213633,.0010902161,-.044890713,Farm supplies,matched (3)
511,.000625757034868,.0123838931322098,4.91223431709e-07,3.45772718902e-07,-.0000209682639252,-.033508636,19.790258,.00078500668,.00055256707,-.033508636,Metals and Minerals,matched (3)
361,.0005987206823193,.0042856456711888,2.17859579266e-07,6.62927618578e-07,-.0000219718858716,-.036698058,7.1580052,.00036387515,.0011072402,-.036698058,Railroad locomotives and equipment,matched (3)
873,.0005970724159852,.0002449383900966,4.33239023323e-07,3.13063310386e-07,-9.94483161776e-06,-.016655989,.41023231,.00072560547,.00052433053,-.016655989,Labor unions,matched (3)
222,.0005044540739618,-.0020235017873347,1.77806853685e-07,3.24797497342e-07,-.0000230895457207,-.045771353,-4.0112705,.00035247381,.00064385938,-.045771353,"Leather products, except footwear",matched (3)
880,.0004834389546886,-.0002310842246516,2.95857626043e-06,8.49657453728e-07,1.85638350558e-06,.0038399543,-.47800085,.0061198547,.0017575279,.0038399543,Religious organizations,matched (3)
580,.000469815073302,-.0022026288788766,2.92673394142e-06,8.24521407594e-07,2.80139443021e-06,.0059627597,-4.6882892,.0062295445,.0017549914,.0059627597,Lumber and building material retailing,matched (3)
542,.0004226070595905,.0010616919025779,4.32755797419e-07,5.15011493007e-07,3.21753668686e-06,.007613542,2.5122437,.0010240145,.0012186533,.007613542,"Apparel, fabrics, and notions",matched (3)
540,.0004163199337199,.0206475704908371,4.13091896689e-07,2.42217538471e-07,-.0000193161140487,-.046397284,49.59544,.0009922462,.00058180623,-.046397284,Paper and paper products,matched (3)
670,.0003824642626569,.0021202410571277,1.76081528025e-07,1.14902789505e-07,-6.75000137562e-06,-.017648712,5.543632,.00046038689,.00030042752,-.017648712,Vending machine operators,matched (3)
862,.0003661238006316,.0064459042623639,3.51349217453e-06,6.91541856668e-07,2.09813083529e-06,.0057306592,17.605804,.0095964596,.0018888197,.0057306597,Child day care services,matched (3)
772,.0003484880435281,-.0010527608683333,1.79767891950e-06,2.99960220218e-07,5.96735253566e-06,.01712355,-3.0209382,.0051585096,.00086074753,.01712355,Beauty shops,matched (3)
931,.0003370562044438,.0016937495674938,1.49186178078e-06,1.28141709865e-06,2.09219876979e-07,.00062072696,5.025125,.0044261515,.0038017905,.00062072696,Administration of economic programs,matched (3)
201,.0003297352814116,.0023045793641359,9.97163240868e-08,1.54608486014e-07,-.0000123121217257,-.037339412,6.9891806,.00030241327,.00046888669,-.037339412,Misc Petroleum/Coal,matched (3)
611,.0002987870830111,.0036130738444626,3.89390379496e-07,1.74843066247e-07,.0000104112441477,.034845028,12.09247,.001303237,.00058517611,.034845028,"Food stores, n.e.c.",matched (3)
751,.0002910581824835,-.0063170175999403,3.08648509417e-06,5.87578881550e-07,-3.57913131666e-06,-.012296962,-21.703625,.010604357,.0020187679,-.012296962,Automotive repair and related services,matched (3)
100,.0002874961937778,.0081436885520816,1.03350100744e-06,2.22837547881e-06,4.73066108952e-07,.0016454691,28.326248,.0035948337,.007750974,.0016454691,Meat products,matched (3)
781,.0002783719974104,-.000203906558454,2.91522098905e-07,1.40023217909e-07,-1.41236102991e-06,-.0050736461,-.73249668,.0010472393,.00050300756,-.0050736461,Funeral services,matched (3)
651,.0002456714282744,-.000584001885727,5.48676325707e-07,2.18563712906e-07,2.46074432653e-06,.010016404,-2.3771665,.0022333746,.00088965864,.010016404,"Sporting goods, bicycles, and hobby stores",matched (3)
770,.0002305464004166,.006213522516191,9.06540407186e-08,9.16757159075e-08,.000012294895896,.053329378,26.951288,.00039321385,.0003976454,.053329378,"Lodging places, except hotels and motels",matched (3)
262,.0002066503948299,-.0001020510317176,1.47847075027e-07,1.65107238104e-07,-1.50711252900e-06,-.0072930544,-.4938342,.00071544538,.00079896889,-.0072930544,Misc. nonmetallic mineral and stone products,matched (3)
640,.0001854080619523,.0054012970067561,1.60057084031e-07,7.78986830596e-08,-7.66785160522e-06,-.041356623,29.131943,.00086326926,.00042014723,-.041356623,Music stores,matched (3)
780,.0001536949421279,-.0003291085595265,9.82649979164e-08,4.59296281008e-08,2.09807399187e-06,.013650898,-2.1413102,.00063935091,.0002988363,.013650898,Barber shops,matched (3)
410,.0001214829680976,-.0006287104333751,2.14468741433e-06,7.77661171014e-07,1.03988739397e-07,.00085599441,-5.1752968,.017654223,.006401401,.00085599441,Trucking service,matched (3)
821,.0000855519683682,.0009002814767882,6.39597601548e-08,3.16695469849e-08,9.06756270069e-07,.010598894,10.523211,.00074761297,.00037017907,.010598894,Offices and clinics of chiropractors,matched (3)
311,.0000686022467562,.0014550213236362,6.57689511741e-08,2.10005211443e-07,5.91841775588e-08,.00086271483,21.209528,.00095869967,.0030612003,.00086271483,Farm machinery and equipment,matched (3)
171,.0000617878540652,-.0141669558361173,2.24493859946e-07,5.23671594976e-08,-2.59526132140e-06,-.042002775,-229.28383,.0036333008,.0008475316,-.042002775,Newspaper publishing and printing,matched (3)
630,.0000398433767259,-.0001580288226251,3.31710765522e-08,1.87999251722e-08,5.84271440118e-08,.0014664205,-3.9662507,.00083253678,.00047184568,.0014664205,Shoe stores,matched (3)
852,.0000374113551516,-.0009817132959142,5.27236672099e-08,2.51300402709e-08,-5.99340125973e-07,-.016020274,-26.241051,.0014092958,.00067172229,-.016020274,Libraries,matched (3)
632,.0000370216475858,-.0000875800324138,2.49819649412e-08,1.20382468438e-08,-4.29479626973e-07,-.01160077,-2.3656437,.00067479344,.00032516778,-.01160077,Household appliance stores,matched (3)
620,.0000135144291562,.0000609277958574,4.49253754198e-08,1.75544894176e-08,6.92726729312e-08,.0051258304,4.5083513,.0033242526,.0012989442,.0051258304,Auto and home supply stores,matched (3)
550,-2.51435585596e-06,.0000802730064606,-1.72255649744e-08,-7.73054420478e-09,3.94942439863e-10,-.000157075,-31.925873,.0068508857,.0030745624,-.000157075,Groceries and related products,matched (3)
782,-.0000166005193023,-.0001394646242261,-1.31049349150e-09,-1.42664713376e-09,6.89968189249e-08,-.004156305,8.4012203,.000078942925,.000085939908,-.004156305,Shoe repair shops,matched (3)
470,-.0000188638296095,-.0001621877017897,-3.39008501271e-08,-1.57160151559e-08,-4.97728933624e-08,.002638536,8.5978146,.0017971351,.00083312963,.002638536,Water supply and irrigation,matched (3)
370,-.0000668384818709,.0016002962365746,-2.00861016708e-08,-6.24944433980e-08,-6.43544922241e-07,.0096283592,-23.942738,.00030051701,.00093500694,.0096283592,Cycles,matched (3)
161,-.0000758845490054,-.0003275240887888,-1.01166548916e-07,-1.55863645546e-07,2.95075301437e-06,-.038884766,4.3160839,.0013331641,.0020539577,-.038884766,Miscellaneous paper and pulp products,matched (3)
711,-.0000759003742132,.0002602277090773,-1.56116232120e-06,-7.35151843401e-07,5.87185322587e-09,-.000077362638,-3.4285431,.020568572,.0096857473,-.000077362638,Insurance,matched (3)
182,-.0000881359592313,-.0065433927811682,-9.14509854510e-08,-1.50045849523e-07,-9.03772331640e-07,.010254297,74.242035,.0010376127,.0017024362,.010254297,Soaps and cosmetics,matched (3)
531,-.0000941885155044,-.0001463860244257,-8.68185239256e-08,-4.32558948660e-08,-2.15913118495e-07,.0022923509,1.5541812,.00092175277,.00045924808,.0022923509,Scrap and waste materials,matched (3)
560,-.0001127788491431,.0005291027482599,-1.23849119404e-07,-5.07852142562e-08,5.58238753001e-07,-.0049498533,-4.6915069,.0010981591,.00045030797,-.0049498533,Alcoholic beverages,matched (3)
112,-.0001266738690902,-.001753889140673,-8.79457857650e-08,-1.75246597678e-07,5.82062625654e-07,-.00459497,13.845706,.00069426937,.0013834471,-.00459497,Confectionery Products,matched (3)
32,-.0001274411915801,-.0036182596813887,-5.01050116952e-08,-1.31026681061e-07,1.71092005985e-06,-.013425173,28.391603,.00039316184,.0010281345,-.013425173,"Fishing, hunting, and trapping",matched (3)
512,-.0001326597848674,.0364737696945667,-4.15653573782e-07,-1.56306256827e-07,5.26895792063e-06,-.039717823,-274.94217,.0031332297,.001178249,-.039717823,Electrical goods,matched (3)
660,-.000161880889209,.0012663683155552,-2.12788208387e-07,-8.84532411760e-08,1.37042297865e-06,-.0084656253,-7.8228402,.0013144739,.0005464094,-.0084656253,Jewelry stores,matched (3)
662,-.000167616046383,.000188106962014,-5.13207503161e-08,-3.74535353842e-08,-1.87981413546e-06,.011215001,-1.1222491,.00030618042,.00022344838,.011215001,"Sewing, needlework, and piece goods stores",matched (3)
521,-.0001733098324621,.0058102421462536,-2.60838703525e-07,-1.01554455512e-07,2.56247381003e-06,-.014785508,-33.525173,.0015050428,.00058597053,-.014785508,"Hardware, plumbing and heating supplies",matched (3)
532,-.0001789708912838,.0211567338556051,-3.11884292614e-07,-2.05631494055e-07,7.06271202944e-06,-.039462909,-118.21326,.0017426538,.0011489661,-.039462909,"Miscellaneous wholesale, durable goods",matched (3)
420,-.0001943803217728,.0030506495386362,-7.89435432580e-08,-1.16503422021e-07,-8.66649679665e-06,.044585258,-15.69423,.00040612929,.00059935811,.044585258,Water transportation,matched (3)
801,-.0002043946151389,.0036028563044965,-1.17373708974e-07,-5.97512084255e-08,.0000118331499834,-.057893649,-17.626963,.00057425047,.00029233261,-.057893649,Video tape rental,matched (3)
191,-.0002156233094865,-.0014971493510529,-6.31744967450e-08,-1.30513569729e-07,2.67728933068e-06,-.012416512,6.9433556,.00029298547,.00060528505,-.012416512,Agricultural chemicals,matched (3)
0,-.0002371251030127,-.0006915280828252,-2.05775290851e-06,-5.17395938004e-06,9.48371834397e-08,-.00039994577,2.9163005,.0086779213,.021819534,-.00039994577,Other,matched (3)
501,-.0002401243837085,.0034195682965219,-1.97041870820e-07,-1.16074126311e-07,4.02486011808e-06,-.016761564,-14.240821,.0008205825,.00048339166,-.016761564,Furniture and home furnishings,matched (3)
582,-.0002748740371317,.010997274890542,-4.20980967419e-07,-3.24946739738e-07,-4.45565137852e-06,.016209794,-40.008415,.0015315413,.001182166,.016209794,Retail nurseries and garden stores,matched (3)
502,-.0002750909188762,.0016189909074455,-4.21989284405e-07,-2.07622207427e-07,1.92685570255e-06,-.0070044324,-5.885294,.0015339993,.00075474032,-.0070044324,Lumber and construction materials,matched (3)
110,-.0002973826485686,.0142417969182134,-3.15118001026e-07,-5.45438240351e-07,-5.77219907427e-06,.019410007,-47.890476,.0010596381,.0018341293,.019410007,Grain mill products,matched (3)
750,-.000312455726089,-.0048586134798825,-2.60188556922e-07,-1.34307256872e-07,-7.67767232901e-06,.024572033,15.549767,.00083272136,.00042984413,.024572033,Automobile parking and carwashes,matched (3)
601,-.0003188289701939,-.0012431970098987,-5.54698317501e-06,-1.20364177292e-06,3.82487655770e-07,-.0011996641,3.8992598,.01739799,.0037751957,-.0011996641,Grocery stores,matched (3)
181,-.0003849889035337,-.0206238348037004,-1.27162104491e-06,-1.79845221737e-06,-6.90747401677e-06,.017942008,53.569946,.003303007,.0046714391,.017942008,Drugs,matched (3)
352,-.0003983140632045,.0191765949130058,-1.48404524225e-06,-3.46641331816e-06,6.20150740360e-06,-.015569391,-48.144409,.0037258167,.008702714,-.015569391,Aircraft and parts,matched (3)
610,-.000428028521128,-.000292439450277,-4.46531402076e-07,-2.04983038543e-07,-3.65582945960e-06,.0085410886,.6832242,.0010432282,.00047890042,.0085410886,Retail bakeries,matched (3)
571,-.000469044840429,.039129201322794,-1.04471257600e-06,-5.34053924639e-07,.0000321729166899,-.068592414,-83.423157,.0022273192,.0011385989,-.068592414,"Wholesale trade, n.s. ",matched (3)
411,-.0004836035950575,-.002370071830228,-1.06695028990e-06,-7.16224235475e-07,-.0000121978773677,.025222884,4.9008565,.0022062496,.0014810151,.025222884,Warehousing and storage,matched (3)
451,-.0004868477408309,-.0011028352892026,-7.21878620880e-07,-7.49435514535e-07,8.74109957749e-07,-.0017954484,2.2652571,.0014827605,.0015393633,-.0017954484,Gas and steam supply systems,matched (3)
771,-.0005207840004005,.0015451736981049,-1.33167338845e-06,-3.92251052972e-07,5.58709052711e-06,-.01072823,-2.9670146,.0025570551,.00075319334,-.01072823,"Laundry, cleaning, and garment services",matched (3)
252,-.0005393606843427,.0007174589554779,-2.00605711598e-07,-3.54769440492e-07,.0000163904696819,-.0303887,-1.3302026,.0003719324,.0006577592,-.0303887,Structural clay products,matched (3)
652,-.0006057518767193,.0041541224345565,-1.48180595261e-06,-4.50888421710e-07,9.16825956665e-06,-.015135339,-6.8577952,.0024462258,.00074434507,-.015135339,Book and stationery stores,matched (3)
691,-.0006225725519471,.0027168332599103,-2.00542785933e-06,-5.64037009099e-07,7.69083180785e-06,-.01235331,-4.3638821,.0032211954,.00090597797,-.01235331,"Retail trade, n.s. ",matched (3)
622,-.0006259999936447,-.0001562889665365,-7.12642815870e-07,-4.60628541532e-07,5.25260975337e-06,-.0083907507,.24966289,.001138407,.00073582836,-.0083907507,Miscellaneous vehicle dealers,matched (3)
891,-.0007204857538454,.0205274745821953,-2.68817734650e-06,-2.68140865956e-06,-.0000162988981174,.022622095,-28.491159,.0037310624,.0037216679,.022622095,"Research, development, and testing services",matched (3)
130,-.0007331758388318,.0033553561661392,-2.27048346346e-07,-1.08417748379e-06,.0000298900176858,-.040767871,-4.5764685,.00030967788,.0014787414,-.040767871,Tobacco manufactures,matched (3)
663,-.0007429365650751,-.0057201916351914,-1.62518756497e-06,-1.39809412758e-06,.0000202719566005,-.027286256,7.6994348,.0021875186,.0018818486,-.027286256,Catalog and mail order houses,matched (3)
822,-.0007505816174671,.002946246182546,-4.71601566687e-07,-2.69067186309e-07,-.000024600802135,.032775652,-3.9252841,.00062831485,.00035847825,.032775652,Offices and clinics of optometrists,matched (3)
612,-.0007848051027395,.0059872432611883,-7.46554269426e-06,-1.69002885286e-06,5.93758340983e-06,-.007565679,-7.6289554,.009512607,.0021534376,-.007565679,Motor vehicle dealers,matched (3)
111,-.000807894859463,-.0057298368774354,-1.04133596324e-06,-9.30171495384e-07,-.0000184113941941,.022789344,7.0923052,.0012889499,.0011513522,.022789344,Bakery products,matched (3)
251,-.000838870415464,-.00240394519642,-1.25301858134e-06,-8.35876562633e-07,.0000116696473924,-.013911145,2.8656931,.0014936974,.0009964311,-.013911144,"Cement, concrete, gypsum, and plaster products",matched (3)
102,-.0008917571394704,.0019857725128531,-1.10835139822e-06,-2.27332589020e-06,-7.21222795619e-06,.0080876593,-2.2268085,.0012428848,.0025492657,.0080876593,"Canned, frozen, and preserved fruits and vegetables",matched (3)
752,-.0009078707662411,.0043316180817783,-1.28456281345e-06,-4.78113406643e-07,.0000149515035446,-.016468758,-4.7711835,.0014149181,.00052663154,-.016468758,Electrical repair shops,matched (3)
180,-.0009128213860095,-.014139024540782,-4.78535753246e-07,-7.48664888306e-07,-.0002092383656418,.22922158,15.489366,.0005242381,.00082016579,.22922158,"Plastics, synthetics, and resins",matched (3)
721,-.0009201308130287,.0078869452700019,-4.00298404202e-06,-2.45786327469e-06,.0000118941652545,-.012926603,-8.5715475,.0043504508,.0026712108,-.012926603,Advertising,matched (3)
510,-.0009582386119291,.0193950664252043,-3.30638431478e-06,-1.54687108989e-06,.0000173223306774,-.018077262,-20.240332,.0034504812,.0016142859,-.018077262,Professional and commercial equipment and supplies,matched (3)
901,-.0010010863188654,-.0065096192993224,-9.66203333519e-06,-5.30574288859e-06,4.39141058450e-06,-.0043866453,6.5025554,.0096515482,.0052999854,-.0043866453,"General government, n.e.c.",matched (3)
631,-.001028640777804,.0148457540199161,-4.68909138363e-06,-1.11756457954e-06,.0000213039256778,-.020710753,-14.432399,.0045585316,.0010864479,-.020710753,Furniture and home furnishings stores,matched (3)
731,-.0010650677140802,-.0195852126926184,-6.03935404797e-06,-2.18445143219e-06,-.0000107517435026,.010094892,18.388702,.0056703943,.0020509977,.010094892,Personnel supply services,matched (3)
121,-.0010959976352751,-.0006840183632448,-1.43363467942e-06,-1.32907257466e-06,-.000023392471121,.021343542,.62410569,.0013080636,.0012126601,.021343542,Misc. food preparations and kindred products,matched (3)
292,-.0011158386478201,.0025986568070948,-3.12656993628e-07,-9.53768221734e-07,-.0000392824294977,.035204399,-2.3288822,.00028019911,.00085475459,.035204399,Ordnance,matched (3)
120,-.0011280030012131,-.0033050663769245,-1.70411976796e-06,-1.64512482570e-06,-.0000141017553688,.012501523,2.9300156,.0015107405,.0014584401,.012501523,Beverage industries,matched (3)
472,-.0011945482110605,-.0008445426938124,-4.75431050972e-07,-3.91695550661e-07,.0000570760566916,-.047780454,.70699757,.00039800073,.00032790267,-.047780454,"Utilities, n.s. ",matched (3)
650,-.0012068535434082,.0015488932840526,-8.90486887783e-07,-4.88625119033e-07,-.0000449878243671,.037276953,-1.2834145,.0007378583,.00040487523,.037276953,Liquor stores,matched (3)
860,-.0012494999682531,.02384995482862,-2.11859878618e-06,-8.87646820047e-07,-.0001312675594818,.10505607,-19.087599,.0016955573,.00071040163,.10505607,"Educational services, n.e.c.",matched (3)
681,-.0012887170305476,-.0055184359662235,-1.41092721151e-06,-5.01150339005e-07,.0000556882187084,-.043212138,4.2821159,.0010948309,.0003888754,-.043212138,Retail florists,matched (3)
581,-.0012970198877156,.0059725102037191,-1.67663017692e-06,-8.82445647221e-07,-.0000213979310502,.016497767,-4.6047945,.0012926789,.00068036403,.016497767,Hardware stores,matched (3)
450,-.0012973711127415,-.0050807041116059,-7.54721895646e-06,-4.59083275928e-06,7.72596467868e-06,-.0059550921,3.9161532,.0058173169,.0035385655,-.0059550921,Electric light and power,matched (3)
661,-.0014499529497698,.0029689613729715,-1.93022765416e-06,-6.99011252436e-07,.0000590178642597,-.040703297,-2.047626,.0013312347,.00048209238,-.040703297,"Gift, novelty, and souvenir shops",matched (3)
742,-.0014594990061596,.0077948654070497,-1.89601814782e-06,-1.24567191051e-06,.0000206050117413,-.014117867,-5.3407817,.0012990884,.00085349282,-.014117866,"Automotive rental and leasing, without drivers",matched (3)
642,-.0014774187002331,-.0223667528480291,-6.54661971566e-06,-1.74262936525e-06,-.0000622764200671,.042152181,15.139075,.0044311201,.0011795094,.042152181,Drug stores,matched (3)
812,-.0015683447709307,.0084123481065035,-.000019085351596,-4.51322557637e-06,7.78074354457e-06,-.0049611181,-5.3638387,.012169105,.0028776999,-.0049611181,Offices and clinics of physicians,matched (3)
31,-.0016295106615871,.0059162816032767,-4.87838917707e-07,-1.33191690566e-06,-.0000628218767815,.038552605,-3.6307106,.00029937754,.00081737229,.038552601,Forestry,matched (3)
621,-.0017375592142344,.0040000178851187,-4.98175540997e-06,-2.19877233576e-06,-.0000305180547002,.017563749,-2.3020902,.0028670996,.0012654373,.017563749,Gasoline service stations,matched (3)
881,-.001872303429991,-.0122676286846399,-.0000118014004329,-6.86027215124e-06,.0000122913979794,-.0065648537,6.5521584,.0063031451,.0036640815,-.0065648537,Membership organizations,matched (3)
921,-.0019334335811436,-.0000530667275598,-5.47256968275e-06,-4.31564421888e-06,.0000105963936221,-.0054806089,.027446885,.0028304928,.0022321141,-.0054806089,"Public finance, taxation, and monetary policy",matched (3)
701,-.0021183870267123,-.0030995695851743,-3.46785964211e-06,-1.77325716777e-06,-.0000614948730799,.029029103,1.4631743,.0016370284,.00083707896,.029029101,"Savings institutions, including credit unions",matched (3)
671,-.0022541543003172,-.0032175907399505,-2.52467316386e-06,-1.44418891068e-06,.0000448333121312,-.019889195,1.4274049,.001120009,.0006406788,-.019889195,Direct selling establishments,matched (3)
400,-.0024231916759163,-.0095426347106695,-6.03204352956e-06,-6.79818595017e-06,.0000308842827508,-.012745291,3.9380436,.002489297,.0028054677,-.012745291,Railroads,matched (3)
530,-.002716947812587,.0129780294373631,-.0000124276648421,-4.93628704135e-06,.0000809118791949,-.029780431,-4.7766943,.004574127,.0018168502,-.029780433,"Machinery, equipment, and supplies",matched (3)
562,-.0028433215338737,-.0208932403475046,-4.67090922029e-06,-2.57851138485e-06,-.0001315655390499,.046271775,7.3481808,.001642765,.00090686593,.046271775,"Miscellaneous wholesale, nondurable goods",matched (3)
732,-.0029649320058525,.0112216426059604,-.0000383323204005,-.0000282116889139,-.0000405750542996,.013684986,-3.7847891,.012928567,.0095151216,.013684986,Data Processing,matched (3)
50,-.0029997881501913,-.0209431909024715,-3.10991163133e-06,-6.54292443869e-06,.0001055456305039,-.035184361,6.9815564,.0010367105,.0021811288,-.035184361,"Nonmetallic mining and quarrying, except fuels ",matched (3)
633,-.003088102908805,.0087814424186945,-.0000189469592442,-9.32951843424e-06,.0000846110197017,-.027399028,-2.8436365,.0061354688,.0030211164,-.027399028,"Radio, TV, and computer stores",matched (3)
20,-.0031655062921345,-.0597554929554462,-.0000181616251211,-6.97430914443e-06,-.0001447440154152,.045725394,18.877073,.0057373522,.0022032207,.04572539,Landscaping,matched (3)
172,-.0032625624444336,.0374061837792397,-.0000349293295585,-.0000176749636012,.0001062152296072,-.03255577,-11.465278,.010706103,.0054175095,-.03255577,"Printing/publishing,",matched (3)
832,-.00384078361094,.052023995667696,-.0000481994211441,-.0000229472334468,-.0000633207091596,.016486404,-13.545152,.012549371,.0059746229,.016486404,Nursing,matched (3)
702,-.003964766394347,.0131394267082214,-.0000271383469226,-.0000158511593327,.0000297961578326,-.0075152367,-3.3140481,.0068448791,.0039980058,-.0075152367,"Credit agencies, n.e.c.",matched (3)
820,-.0041446322575212,-.0064304163679481,-.0000197325516638,-4.15421754951e-06,-.0000889602524694,.021463968,1.5515047,.0047609899,.0010023128,.021463968,Offices and clinics of dentists,matched (3)
40,-.0042386157438159,.0090535394847393,-7.54130439873e-07,-6.38589062874e-06,-.0004537990607787,.10706303,-2.1359661,.00017791904,.0015065982,.10706303,Metal mining,matched (3)
391,-.0050706677138805,-.006325613707304,-.0000186495472008,-.0000134099218485,-.0000810295387055,.015980054,1.2474912,.0036779272,.0026446066,.015980054,Miscellaneous manufacturing industries,matched (3)
800,-.00685263145715,-.0038627635221928,-.0000139345265779,-.0000224180712394,-.0001548513682792,.022597358,.56369054,.0020334562,.0032714545,.022597358,Theaters,matched (3)
552,-.0080924611538649,-.0287929754704237,-.0000113382184281,-8.96148958418e-06,.0002557886473369,-.031608265,3.5579998,.0014010841,.0011073874,-.031608265,Petroleum products,matched (3)
10,-.0082239657640457,.1190636530518532,-.0000657141936244,-.0001041837458615,-.0001187729722005,.014442299,-14.477645,.0079905726,.01266831,.014442299,"Agricultural production, crops",matched (3)
452,-.008300025947392,-.0018751383759081,-3.39455414178e-06,-4.74590751764e-06,-.0010633243946359,.12811098,.22591957,.00040898114,.00057179428,.12811098,"Electric and gas, and other combinations",matched (3)
870,-.0083810752257705,.0103875352069736,-.0000314105855068,-.0000124731341202,-.0004534578765742,.054104976,-1.2394036,.003747799,.0014882499,.054104976,"Residential care facilities, without nursing",matched (3)
372,-.0100013306364417,-.012220773845911,-.0000376601165044,-.0000282116288872,-.0002372947637923,.02372632,1.2219148,.0037655106,.0028207875,.02372632,"Medical, dental, and optical instruments and supplies",matched (3)
421,-.0113584473729134,.0422052331268787,-.0000538978383702,-.0000502247930854,.0002539578999858,-.022358505,-3.7157571,.0047451765,.0044218008,-.022358505,Air transportation,matched (3)
60,-.0133017282932997,-.0097414832562208,-.000952007016167,-.0001742704771459,.0000466724741273,-.0035087527,.73234719,.071570173,.013101341,-.0035087527,All construction ,matched (3)
871,-.0144678866490722,.0704263225197792,-.0000734634231776,-.0000310366340273,-.0017062751576304,.11793534,-4.8677683,.0050776885,.0021452087,.11793534,"Social services, n.e.c.",matched (3)
192,-.0147250089794397,.0156055297702551,-.0000657615382806,-.0000971255649347,.0003289638261776,-.022340484,-1.0597976,.0044659763,.0065959594,-.022340484,Industrial and miscellaneous chemicals,matched (3)
362,-.0203734114766121,-.0210742373019457,-.0000384265331377,-.0000729050952941,-.001180233201012,.057930075,1.034399,.0018861119,.0035784431,.057930071,Guided Missiles,matched (3)
441,-.0246709994971752,.0098455222323537,-.0002755314053502,-.0001580528041814,.0005542282597162,-.022464767,-.39907271,.01116823,.0064064208,-.022464767,Telephone communications,matched (3)
